{"cameraMode":{"drawMode":0,"name":"Shaded","section":"Shading Mode"},"sceneLighting":false,"audioPlay":false,"sceneViewState":{"showFog":true,"showMaterialUpdate":false,"showSkybox":false,"showFlares":true,"showImageEffects":true,"showParticleSystems":true},"in2DMode":false,"pivot":{"x":-0.02235087752342224,"y":8.940696716308594e-8,"z":-0.0094318687915802},"rotation":{"x":-0.32281631231307986,"y":0.20311376452445985,"z":-0.07113829255104065,"w":-0.9216705560684204},"size":4.424999713897705,"orthographic":false}