{"cameraMode":{"drawMode":0,"name":"Shaded","section":"Shading Mode"},"sceneLighting":false,"audioPlay":false,"sceneViewState":{"showFog":true,"showMaterialUpdate":false,"showSkybox":false,"showFlares":true,"showImageEffects":true,"showParticleSystems":true},"in2DMode":false,"pivot":{"x":0.004491746425628662,"y":-0.00018012523651123047,"z":2.071653366088867},"rotation":{"x":-0.49171915650367739,"y":0.5082287788391113,"z":-0.5051871538162231,"w":-0.49467733502388},"size":2.4028308391571047,"orthographic":false}