{"cameraMode":{"drawMode":0,"name":"Shaded","section":"Shading Mode"},"sceneLighting":false,"audioPlay":false,"sceneViewState":{"showFog":true,"showMaterialUpdate":false,"showSkybox":false,"showFlares":true,"showImageEffects":true,"showParticleSystems":true},"in2DMode":false,"pivot":{"x":9.499324798583985,"y":-4.580153465270996,"z":14.415018081665039},"rotation":{"x":0.13318368792533875,"y":0.4682597815990448,"z":-0.07163725048303604,"w":0.8705556988716126},"size":28.176246643066408,"orthographic":false}