{"cameraMode":{"drawMode":0,"name":"Shaded","section":"Shading Mode"},"sceneLighting":false,"audioPlay":false,"sceneViewState":{"showFog":true,"showMaterialUpdate":false,"showSkybox":false,"showFlares":true,"showImageEffects":true,"showParticleSystems":true},"in2DMode":false,"pivot":{"x":-0.0018312931060791016,"y":-0.009784221649169922,"z":-0.0786082074046135},"rotation":{"x":-0.38407862186431887,"y":0.601342499256134,"z":-0.40297749638557436,"w":-0.5731357932090759},"size":1.5073950290679932,"orthographic":false}