{"cameraMode":{"drawMode":0,"name":"Shaded","section":"Shading Mode"},"sceneLighting":false,"audioPlay":false,"sceneViewState":{"showFog":true,"showMaterialUpdate":false,"showSkybox":false,"showFlares":true,"showImageEffects":true,"showParticleSystems":true},"in2DMode":false,"pivot":{"x":-0.17149074375629426,"y":1.9129031896591187,"z":2.790227174758911},"rotation":{"x":-0.18423208594322205,"y":0.03332115337252617,"z":-0.006246806122362614,"w":-0.9823006987571716},"size":1.5000174045562745,"orthographic":false}