{"cameraMode":{"drawMode":0,"name":"Shaded","section":"Shading Mode"},"sceneLighting":false,"audioPlay":false,"sceneViewState":{"showFog":true,"showMaterialUpdate":false,"showSkybox":false,"showFlares":true,"showImageEffects":true,"showParticleSystems":true},"in2DMode":false,"pivot":{"x":20.373607635498048,"y":-12.51418685913086,"z":-21.561208724975587},"rotation":{"x":0.15103192627429963,"y":0.6751564145088196,"z":-0.14412301778793336,"w":0.7075209021568298},"size":20.873271942138673,"orthographic":false}