{"cameraMode":{"drawMode":0,"name":"Shaded","section":"Shading Mode"},"sceneLighting":true,"audioPlay":false,"sceneViewState":{"showFog":true,"showMaterialUpdate":false,"showSkybox":true,"showFlares":true,"showImageEffects":true,"showParticleSystems":true},"in2DMode":false,"pivot":{"x":-1.4381637573242188,"y":10.17303466796875,"z":-17.312379837036134},"rotation":{"x":0.46380603313446047,"y":-0.5348478555679321,"z":0.4727993309497833,"w":0.5246740579605103},"size":106.62963104248047,"orthographic":false}