{"cameraMode":{"drawMode":0,"name":"Shaded","section":"Shading Mode"},"sceneLighting":false,"audioPlay":false,"sceneViewState":{"showFog":true,"showMaterialUpdate":false,"showSkybox":false,"showFlares":true,"showImageEffects":true,"showParticleSystems":true},"in2DMode":false,"pivot":{"x":461.5999755859375,"y":-472.8291015625,"z":-1714.0},"rotation":{"x":0.4625588357448578,"y":0.007979435846209526,"z":-0.004162956029176712,"w":0.8865482807159424},"size":396.2994079589844,"orthographic":false}