{"cameraMode":{"drawMode":0,"name":"Shaded","section":"Shading Mode"},"sceneLighting":true,"audioPlay":false,"sceneViewState":{"showFog":true,"showMaterialUpdate":false,"showSkybox":true,"showFlares":true,"showImageEffects":true,"showParticleSystems":true},"in2DMode":false,"pivot":{"x":-14.040276527404786,"y":-11.396869659423829,"z":29.239280700683595},"rotation":{"x":0.15996116399765016,"y":-0.20854437351226808,"z":0.03459525853395462,"w":0.9642287492752075},"size":32.34700393676758,"orthographic":false}