{"cameraMode":{"drawMode":0,"name":"Shaded","section":"Shading Mode"},"sceneLighting":true,"audioPlay":false,"sceneViewState":{"showFog":true,"showMaterialUpdate":false,"showSkybox":true,"showFlares":true,"showImageEffects":true,"showParticleSystems":true},"in2DMode":false,"pivot":{"x":-1487.9476318359375,"y":186.63597106933595,"z":286.88116455078127},"rotation":{"x":-0.29450222849845889,"y":0.4717578887939453,"z":-0.17081594467163087,"w":-0.8133577108383179},"size":2.869853973388672,"orthographic":false}