{"cameraMode":{"drawMode":0,"name":"Shaded","section":"Shading Mode"},"sceneLighting":true,"audioPlay":false,"sceneViewState":{"showFog":true,"showMaterialUpdate":false,"showSkybox":true,"showFlares":true,"showImageEffects":true,"showParticleSystems":true},"in2DMode":false,"pivot":{"x":0.23437213897705079,"y":-0.1099853515625,"z":-0.15389442443847657},"rotation":{"x":-0.08668867498636246,"y":0.9017226099967957,"z":-0.21380652487277986,"w":-0.36560681462287905},"size":10.242056846618653,"orthographic":false}