{"cameraMode":{"drawMode":0,"name":"Shaded","section":"Shading Mode"},"sceneLighting":true,"audioPlay":false,"sceneViewState":{"showFog":true,"showMaterialUpdate":false,"showSkybox":true,"showFlares":true,"showImageEffects":true,"showParticleSystems":true},"in2DMode":false,"pivot":{"x":-32.408172607421878,"y":-38.238563537597659,"z":-38.121803283691409},"rotation":{"x":0.2264973670244217,"y":0.05840039253234863,"z":-0.013605959713459015,"w":0.9721701741218567},"size":52.63137435913086,"orthographic":false}