{"cameraMode":{"drawMode":0,"name":"Shaded","section":"Shading Mode"},"sceneLighting":false,"audioPlay":false,"sceneViewState":{"showFog":true,"showMaterialUpdate":false,"showSkybox":false,"showFlares":true,"showImageEffects":true,"showParticleSystems":true},"in2DMode":false,"pivot":{"x":-8.25261116027832,"y":0.6699161529541016,"z":-26.50467300415039},"rotation":{"x":0.20130647718906403,"y":0.7108080983161926,"z":-0.2252618968486786,"w":0.6352134346961975},"size":28.913433074951173,"orthographic":false}