{"cameraMode":{"drawMode":0,"name":"Shaded","section":"Shading Mode"},"sceneLighting":false,"audioPlay":false,"sceneViewState":{"showFog":true,"showMaterialUpdate":false,"showSkybox":false,"showFlares":true,"showImageEffects":true,"showParticleSystems":true},"in2DMode":false,"pivot":{"x":-0.00620153546333313,"y":-0.15803319215774537,"z":-0.0023163557052612306},"rotation":{"x":0.6467629075050354,"y":-0.11523894965648651,"z":0.09973414987325669,"w":0.7473098635673523},"size":0.9648352861404419,"orthographic":false}